ID,Pred
2021_1101_1104,0.176623919
2021_1101_1111,0.797799669
2021_1101_1116,0.195255814
2021_1101_1124,0.159896965
2021_1101_1140,0.222191521
2021_1101_1155,0.290486292
2021_1101_1156,0.755823962
2021_1101_1159,0.411160196
2021_1101_1160,0.204762188
2021_1101_1163,0.227308459
2021_1101_1166,0.206809135
2021_1101_1179,0.374745994
2021_1101_1180,0.70710994
2021_1101_1186,0.550144898
2021_1101_1196,0.269128495
2021_1101_1199,0.191645335
2021_1101_1207,0.383737537
2021_1101_1210,0.257681624
2021_1101_1211,0.155505151
2021_1101_1213,0.60164962
2021_1101_1216,0.804965779
2021_1101_1222,0.167729332
2021_1101_1228,0.162028179
2021_1101_1233,0.752506148
2021_1101_1234,0.171678182
2021_1101_1242,0.18700157
2021_1101_1251,0.550991353
2021_1101_1260,0.224495236
2021_1101_1261,0.225776907
2021_1101_1268,0.273152369
2021_1101_1276,0.16239203
2021_1101_1277,0.329813588
2021_1101_1281,0.306257286
2021_1101_1287,0.681528079
2021_1101_1291,0.849923561
2021_1101_1313,0.851774678
2021_1101_1314,0.227885038
2021_1101_1317,0.439750663
2021_1101_1325,0.5
2021_1101_1326,0.183196602
2021_1101_1328,0.263994338
2021_1101_1329,0.236116651
2021_1101_1331,0.719138746
2021_1101_1332,0.231831455
2021_1101_1333,0.436363355
2021_1101_1345,0.216126509
2021_1101_1353,0.268641439
2021_1101_1361,0.199658311
2021_1101_1364,0.453639749
2021_1101_1382,0.264377681
2021_1101_1393,0.290707231
2021_1101_1397,0.204315448
2021_1101_1400,0.210240713
2021_1101_1403,0.212894034
2021_1101_1411,0.854175221
2021_1101_1417,0.292808521
2021_1101_1422,0.480636679
2021_1101_1425,0.202178926
2021_1101_1429,0.291308659
2021_1101_1433,0.329448408
2021_1101_1437,0.190096367
2021_1101_1438,0.190725307
2021_1101_1439,0.313565483
2021_1101_1452,0.217586094
2021_1101_1455,0.369540896
2021_1101_1457,0.459161122
2021_1101_1458,0.202970448
2021_1104_1111,0.912014137
2021_1104_1116,0.561277872
2021_1104_1124,0.491656487
2021_1104_1140,0.605507169
2021_1104_1155,0.689941236
2021_1104_1156,0.907139071
2021_1104_1159,0.788928583
2021_1104_1160,0.578780775
2021_1104_1163,0.614435189
2021_1104_1166,0.581640354
2021_1104_1179,0.761836857
2021_1104_1180,0.891200173
2021_1104_1186,0.846746662
2021_1104_1196,0.66780733
2021_1104_1199,0.555999086
2021_1104_1207,0.767372223
2021_1104_1210,0.652974018
2021_1104_1211,0.482021772
2021_1104_1213,0.859125923
2021_1104_1216,0.907855801
2021_1104_1222,0.508925827
2021_1104_1228,0.5
2021_1104_1233,0.907416827
2021_1104_1234,0.517073357
2021_1104_1242,0.54565628
2021_1104_1251,0.850556906
2021_1104_1260,0.612234917
2021_1104_1261,0.612184422
2021_1104_1268,0.670104564
2021_1104_1276,0.5
2021_1104_1277,0.723992845
2021_1104_1281,0.706050568
2021_1104_1287,0.892499499
2021_1104_1291,0.909874419
2021_1104_1313,0.910729477
2021_1104_1314,0.616179002
2021_1104_1317,0.801541784
2021_1104_1325,0.827680203
2021_1104_1326,0.53816897
2021_1104_1328,0.6611892
2021_1104_1329,0.624840651
2021_1104_1331,0.889929354
2021_1104_1332,0.620242866
2021_1104_1333,0.801599421
2021_1104_1345,0.595018116
2021_1104_1353,0.665441909
2021_1104_1361,0.567738891
2021_1104_1364,0.810988566
2021_1104_1382,0.66130413
2021_1104_1393,0.691032974
2021_1104_1397,0.579073809
2021_1104_1400,0.585601509
2021_1104_1403,0.593377184
2021_1104_1411,0.922440615
2021_1104_1417,0.692994098
2021_1104_1422,0.823826701
2021_1104_1425,0.573724168
2021_1104_1429,0.692494308
2021_1104_1433,0.724563285
2021_1104_1437,0.552888968
2021_1104_1438,0.554471837
2021_1104_1439,0.713413207
2021_1104_1452,0.598736625
2021_1104_1455,0.758667402
2021_1104_1457,0.81316408
2021_1104_1458,0.575970657
2021_1111_1116,0.093931146
2021_1111_1124,0.082618116
2021_1111_1140,0.102743603
2021_1111_1155,0.126703877
2021_1111_1156,0.442419615
2021_1111_1159,0.177578697
2021_1111_1160,0.095562694
2021_1111_1163,0.102726231
2021_1111_1166,0.096492533
2021_1111_1179,0.155206185
2021_1111_1180,0.378526619
2021_1111_1186,0.238647106
2021_1111_1196,0.116010284
2021_1111_1199,0.09111052
2021_1111_1207,0.161826033
2021_1111_1210,0.113771133
2021_1111_1211,0.081181007
2021_1111_1213,0.275374829
2021_1111_1216,0.531239917
2021_1111_1222,0.084773307
2021_1111_1228,0.083256548
2021_1111_1233,0.434079786
2021_1111_1234,0.085865772
2021_1111_1242,0.091480406
2021_1111_1251,0.240712846
2021_1111_1260,0.099666354
2021_1111_1261,0.102434587
2021_1111_1268,0.119422663
2021_1111_1276,0.08328466
2021_1111_1277,0.140006027
2021_1111_1281,0.132260599
2021_1111_1287,0.351174332
2021_1111_1291,0.635006238
2021_1111_1313,0.639918154
2021_1111_1314,0.102910635
2021_1111_1317,0.179752596
2021_1111_1325,0.210374948
2021_1111_1326,0.090304244
2021_1111_1328,0.114852537
2021_1111_1329,0.109544415
2021_1111_1331,0.396060813
2021_1111_1332,0.105721814
2021_1111_1333,0.185526984
2021_1111_1345,0.101295396
2021_1111_1353,0.118202899
2021_1111_1361,0.095786399
2021_1111_1364,0.191789671
2021_1111_1382,0.116006948
2021_1111_1393,0.12405802
2021_1111_1397,0.094805822
2021_1111_1400,0.099681826
2021_1111_1403,0.097235499
2021_1111_1411,0.632445663
2021_1111_1417,0.124932262
2021_1111_1422,0.200725721
2021_1111_1425,0.095176011
2021_1111_1429,0.123091466
2021_1111_1433,0.138382751
2021_1111_1437,0.090991466
2021_1111_1438,0.09099177
2021_1111_1439,0.133415717
2021_1111_1452,0.100921343
2021_1111_1455,0.158352244
2021_1111_1457,0.192389487
2021_1111_1458,0.094093219
2021_1116_1124,0.453963851
2021_1116_1140,0.568225722
2021_1116_1155,0.657615903
2021_1116_1156,0.899691295
2021_1116_1159,0.76448829
2021_1116_1160,0.541391498
2021_1116_1163,0.577264689
2021_1116_1166,0.544270447
2021_1116_1179,0.735333645
2021_1116_1180,0.881964363
2021_1116_1186,0.830691288
2021_1116_1196,0.637153109
2021_1116_1199,0.518420457
2021_1116_1207,0.741391288
2021_1116_1210,0.620409021
2021_1116_1211,0.444457731
2021_1116_1213,0.845489995
2021_1116_1216,0.902504296
2021_1116_1222,0.471104996
2021_1116_1228,0.458595991
2021_1116_1233,0.899837866
2021_1116_1234,0.479261289
2021_1116_1242,0.50796324
2021_1116_1251,0.834434607
2021_1116_1260,0.575110911
2021_1116_1261,0.574989225
2021_1116_1268,0.639913685
2021_1116_1276,0.459448701
2021_1116_1277,0.694137995
2021_1116_1281,0.674821394
2021_1116_1287,0.882123719
2021_1116_1291,0.906502919
2021_1116_1313,0.907433847
2021_1116_1314,0.57892558
2021_1116_1317,0.779392433
2021_1116_1325,0.80866162
2021_1116_1326,0.5
2021_1116_1328,0.629635874
2021_1116_1329,0.587557816
2021_1116_1331,0.881266409
2021_1116_1332,0.583007718
2021_1116_1333,0.778979152
2021_1116_1345,0.557762594
2021_1116_1353,0.63446526
2021_1116_1361,0.530270944
2021_1116_1364,0.789452075
2021_1116_1382,0.629737351
2021_1116_1393,0.658901279
2021_1116_1397,0.541655355
2021_1116_1400,0.548221327
2021_1116_1403,0.556061972
2021_1116_1411,0.918836614
2021_1116_1417,0.660991705
2021_1116_1422,0.80397813
2021_1116_1425,0.536312199
2021_1116_1429,0.660437119
2021_1116_1433,0.694724946
2021_1116_1437,0.515263326
2021_1116_1438,0.516844712
2021_1116_1439,0.682759482
2021_1116_1452,0.56141281
2021_1116_1455,0.731499281
2021_1116_1457,0.792047398
2021_1116_1458,0.538643231
2021_1124_1140,0.641780391
2021_1124_1155,0.719307142
2021_1124_1156,0.91331013
2021_1124_1159,0.810311384
2021_1124_1160,0.614906108
2021_1124_1163,0.646553246
2021_1124_1166,0.617786212
2021_1124_1179,0.78524437
2021_1124_1180,0.898855418
2021_1124_1186,0.860473149
2021_1124_1196,0.698447399
2021_1124_1199,0.592204748
2021_1124_1207,0.790369469
2021_1124_1210,0.684540775
2021_1124_1211,0.518770373
2021_1124_1213,0.870608712
2021_1124_1216,0.912142092
2021_1124_1222,0.545549226
2021_1124_1228,0.533022664
2021_1124_1233,0.913639313
2021_1124_1234,0.553613193
2021_1124_1242,0.581985903
2021_1124_1251,0.864348969
2021_1124_1260,0.648273307
2021_1124_1261,0.644532181
2021_1124_1268,0.700585005
2021_1124_1276,0.533876399
2021_1124_1277,0.750852244
2021_1124_1281,0.734236181
2021_1124_1287,0.90115831
2021_1124_1291,0.912171524
2021_1124_1313,0.913017802
2021_1124_1314,0.648192616
2021_1124_1317,0.820783354
2021_1124_1325,0.844092805
2021_1124_1326,0.574504919
2021_1124_1328,0.692253458
2021_1124_1329,0.656099395
2021_1124_1331,0.897135846
2021_1124_1332,0.651912272
2021_1124_1333,0.821400376
2021_1124_1345,0.631187796
2021_1124_1353,0.69628715
2021_1124_1361,0.603923122
2021_1124_1364,0.829664485
2021_1124_1382,0.692351572
2021_1124_1393,0.720159926
2021_1124_1397,0.615193626
2021_1124_1400,0.621806454
2021_1124_1403,0.629508271
2021_1124_1411,0.925209778
2021_1124_1417,0.72199821
2021_1124_1422,0.840959033
2021_1124_1425,0.609850088
2021_1124_1429,0.72150908
2021_1124_1433,0.751303043
2021_1124_1437,0.589135667
2021_1124_1438,0.590714143
2021_1124_1439,0.740987844
2021_1124_1452,0.63497957
2021_1124_1455,0.782835243
2021_1124_1457,0.8314373
2021_1124_1458,0.612008675
2021_1140_1155,0.621658549
2021_1140_1156,0.891112076
2021_1140_1159,0.734953288
2021_1140_1160,0.5
2021_1140_1163,0.535950231
2021_1140_1166,0.5
2021_1140_1179,0.70360962
2021_1140_1180,0.871134065
2021_1140_1186,0.811342851
2021_1140_1196,0.596038446
2021_1140_1199,0.476594584
2021_1140_1207,0.710280749
2021_1140_1210,0.579349488
2021_1140_1211,0.404068197
2021_1140_1213,0.829052385
2021_1140_1216,0.89669178
2021_1140_1222,0.429800202
2021_1140_1228,0.417688005
2021_1140_1233,0.89099705
2021_1140_1234,0.437799294
2021_1140_1242,0.466141492
2021_1140_1251,0.815070653
2021_1140_1260,0.533812417
2021_1140_1261,0.533641535
2021_1140_1268,0.598983938
2021_1140_1276,0.418505819
2021_1140_1277,0.658869406
2021_1140_1281,0.641311779
2021_1140_1287,0.869720748
2021_1140_1291,0.903252562
2021_1140_1313,0.904421415
2021_1140_1314,0.537516054
2021_1140_1317,0.752677693
2021_1140_1325,0.78562745
2021_1140_1326,0.458794293
2021_1140_1328,0.588570047
2021_1140_1329,0.546256707
2021_1140_1331,0.87122116
2021_1140_1332,0.541703266
2021_1140_1333,0.751647247
2021_1140_1345,0.516257379
2021_1140_1353,0.593422266
2021_1140_1361,0.488525037
2021_1140_1364,0.763362278
2021_1140_1382,0.588633859
2021_1140_1393,0.623215299
2021_1140_1397,0.5
2021_1140_1400,0.506520484
2021_1140_1403,0.514418195
2021_1140_1411,0.915242805
2021_1140_1417,0.625589346
2021_1140_1422,0.779983508
2021_1140_1425,0.494592035
2021_1140_1429,0.624934685
2021_1140_1433,0.659437025
2021_1140_1437,0.473398837
2021_1140_1438,0.474963647
2021_1140_1439,0.646602475
2021_1140_1452,0.519806728
2021_1140_1455,0.699108587
2021_1140_1457,0.766417231
2021_1140_1458,0.5
2021_1155_1156,0.861857164
2021_1155_1159,0.650795044
2021_1155_1160,0.399468726
2021_1155_1163,0.434254371
2021_1155_1166,0.402144415
2021_1155_1179,0.616140608
2021_1155_1180,0.83524189
2021_1155_1186,0.75149426
2021_1155_1196,0.494421451
2021_1155_1199,0.378215995
2021_1155_1207,0.624629293
2021_1155_1210,0.477636712
2021_1155_1211,0.311099486
2021_1155_1213,0.777612727
2021_1155_1216,0.875222818
2021_1155_1222,0.337248963
2021_1155_1228,0.323295931
2021_1155_1233,0.861131475
2021_1155_1234,0.344112735
2021_1155_1242,0.368979721
2021_1155_1251,0.754886239
2021_1155_1260,0.432111021
2021_1155_1261,0.432006029
2021_1155_1268,0.5
2021_1155_1276,0.327711252
2021_1155_1277,0.563372528
2021_1155_1281,0.540227661
2021_1155_1287,0.829422592
2021_1155_1291,0.888955723
2021_1155_1313,0.890348725
2021_1155_1314,0.435629859
2021_1155_1317,0.674431914
2021_1155_1325,0.716512278
2021_1155_1326,0.362559025
2021_1155_1328,0.486918789
2021_1155_1329,0.444541925
2021_1155_1331,0.837440007
2021_1155_1332,0.439938677
2021_1155_1333,0.672186074
2021_1155_1345,0.41534704
2021_1155_1353,0.491982965
2021_1155_1361,0.389333119
2021_1155_1364,0.686827521
2021_1155_1382,0.48702667
2021_1155_1393,0.522040918
2021_1155_1397,0.399534442
2021_1155_1400,0.406010022
2021_1155_1403,0.413225524
2021_1155_1411,0.900275194
2021_1155_1417,0.524458507
2021_1155_1422,0.708094023
2021_1155_1425,0.394807409
2021_1155_1429,0.523640385
2021_1155_1433,0.563886479
2021_1155_1437,0.375315732
2021_1155_1438,0.376673535
2021_1155_1439,0.549588736
2021_1155_1452,0.418498081
2021_1155_1455,0.609883656
2021_1155_1457,0.691026765
2021_1155_1458,0.397017249
2021_1156_1159,0.203399288
2021_1156_1160,0.102820424
2021_1156_1163,0.111894962
2021_1156_1166,0.103913915
2021_1156_1179,0.178656859
2021_1156_1180,0.440208533
2021_1156_1186,0.284518339
2021_1156_1196,0.129321603
2021_1156_1199,0.097323552
2021_1156_1207,0.1855175
2021_1156_1210,0.125528461
2021_1156_1211,0.083901687
2021_1156_1213,0.330640658
2021_1156_1216,0.594536156
2021_1156_1222,0.088603972
2021_1156_1228,0.086506103
2021_1156_1233,0.5
2021_1156_1234,0.090024542
2021_1156_1242,0.096903338
2021_1156_1251,0.28619226
2021_1156_1260,0.109078376
2021_1156_1261,0.111519623
2021_1156_1268,0.132498635
2021_1156_1276,0.086590947
2021_1156_1277,0.158085322
2021_1156_1281,0.148330489
2021_1156_1287,0.408808632
2021_1156_1291,0.686062968
2021_1156_1313,0.690132315
2021_1156_1314,0.112230977
2021_1156_1317,0.211728804
2021_1156_1325,0.248045083
2021_1156_1326,0.095206705
2021_1156_1328,0.127604866
2021_1156_1329,0.118706885
2021_1156_1331,0.458784003
2021_1156_1332,0.115194455
2021_1156_1333,0.215207784
2021_1156_1345,0.108958199
2021_1156_1353,0.130822078
2021_1156_1361,0.102188373
2021_1156_1364,0.223712443
2021_1156_1382,0.128301801
2021_1156_1393,0.139221829
2021_1156_1397,0.102146464
2021_1156_1400,0.106874306
2021_1156_1403,0.105488712
2021_1156_1411,0.685771377
2021_1156_1417,0.14038084
2021_1156_1422,0.237471388
2021_1156_1425,0.10208495
2021_1156_1429,0.138806607
2021_1156_1433,0.156664189
2021_1156_1437,0.097003552
2021_1156_1438,0.097076963
2021_1156_1439,0.150554157
2021_1156_1452,0.109105016
2021_1156_1455,0.180466133
2021_1156_1457,0.225546281
2021_1156_1458,0.101296006
2021_1159_1160,0.275503205
2021_1159_1163,0.304643593
2021_1159_1166,0.277880948
2021_1159_1179,0.475555328
2021_1159_1180,0.761392883
2021_1159_1186,0.644051625
2021_1159_1196,0.359149715
2021_1159_1199,0.25808601
2021_1159_1207,0.484486856
2021_1159_1210,0.345072223
2021_1159_1211,0.208204221
2021_1159_1213,0.678980383
2021_1159_1216,0.827346613
2021_1159_1222,0.225240911
2021_1159_1228,0.217227507
2021_1159_1233,0.798266656
2021_1159_1234,0.230720475
2021_1159_1242,0.250957294
2021_1159_1251,0.647134464
2021_1159_1260,0.302385967
2021_1159_1261,0.302717519
2021_1159_1268,0.362702117
2021_1159_1276,0.217747841
2021_1159_1277,0.423199183
2021_1159_1281,0.40084168
2021_1159_1287,0.748165763
2021_1159_1291,0.854803313
2021_1159_1313,0.856349672
2021_1159_1314,0.305680531
2021_1159_1317,0.542818743
2021_1159_1325,0.594878983
2021_1159_1326,0.245814171
2021_1159_1328,0.352829186
2021_1159_1329,0.314109829
2021_1159_1331,0.76707947
2021_1159_1332,0.309736945
2021_1159_1333,0.53960089
2021_1159_1345,0.289253039
2021_1159_1353,0.357512906
2021_1159_1361,0.267635957
2021_1159_1364,0.556928375
2021_1159_1382,0.352991058
2021_1159_1393,0.383814147
2021_1159_1397,0.275321516
2021_1159_1400,0.281378219
2021_1159_1403,0.286702602
2021_1159_1411,0.865194538
2021_1159_1417,0.386056565
2021_1159_1422,0.582995458
2021_1159_1425,0.27177466
2021_1159_1429,0.385090149
2021_1159_1433,0.423365353
2021_1159_1437,0.255816922
2021_1159_1438,0.256840138
2021_1159_1439,0.409553434
2021_1159_1452,0.291543567
2021_1159_1455,0.469210714
2021_1159_1457,0.562264933
2021_1159_1458,0.273468957
2021_1160_1163,0.558959553
2021_1160_1166,0.525589115
2021_1160_1179,0.7225859
2021_1160_1180,0.880014618
2021_1160_1186,0.824546581
2021_1160_1196,0.619209207
2021_1160_1199,0.5
2021_1160_1207,0.728893586
2021_1160_1210,0.602356288
2021_1160_1211,0.425718333
2021_1160_1213,0.841045922
2021_1160_1216,0.90314343
2021_1160_1222,0.452115199
2021_1160_1228,0.439704587
2021_1160_1233,0.898496476
2021_1160_1234,0.460265653
2021_1160_1242,0.488956912
2021_1160_1251,0.828042547
2021_1160_1260,0.556869648
2021_1160_1261,0.556621475
2021_1160_1268,0.622036595
2021_1160_1276,0.440551557
2021_1160_1277,0.679324701
2021_1160_1281,0.65924132
2021_1160_1287,0.879000522
2021_1160_1291,0.908739813
2021_1160_1313,0.909713643
2021_1160_1314,0.560549005
2021_1160_1317,0.769389392
2021_1160_1325,0.800511711
2021_1160_1326,0.481507942
2021_1160_1328,0.611659153
2021_1160_1329,0.569136358
2021_1160_1331,0.879891856
2021_1160_1332,0.564626427
2021_1160_1333,0.768377079
2021_1160_1345,0.539187095
2021_1160_1353,0.616468078
2021_1160_1361,0.511433586
2021_1160_1364,0.779550851
2021_1160_1382,0.611727869
2021_1160_1393,0.646608575
2021_1160_1397,0.522946888
2021_1160_1400,0.529493742
2021_1160_1403,0.53749941
2021_1160_1411,0.920200843
2021_1160_1417,0.645080519
2021_1160_1422,0.795194818
2021_1160_1425,0.517573795
2021_1160_1429,0.648357886
2021_1160_1433,0.679968459
2021_1160_1437,0.5
2021_1160_1438,0.5
2021_1160_1439,0.667556586
2021_1160_1452,0.542808829
2021_1160_1455,0.718092701
2021_1160_1457,0.782457841
2021_1160_1458,0.520029381
2021_1163_1166,0.485195039
2021_1163_1179,0.690529575
2021_1163_1180,0.868541598
2021_1163_1186,0.804378504
2021_1163_1196,0.579333995
2021_1163_1199,0.459244848
2021_1163_1207,0.697444473
2021_1163_1210,0.56250378
2021_1163_1211,0.387689374
2021_1163_1213,0.82403336
2021_1163_1216,0.896649294
2021_1163_1222,0.41289023
2021_1163_1228,0.40100724
2021_1163_1233,0.889014045
2021_1163_1234,0.420764492
2021_1163_1242,0.448822888
2021_1163_1251,0.807752074
2021_1163_1260,0.516672368
2021_1163_1261,0.516437378
2021_1163_1268,0.582333931
2021_1163_1276,0.401813508
2021_1163_1277,0.647783179
2021_1163_1281,0.624676016
2021_1163_1287,0.865928984
2021_1163_1291,0.904784462
2021_1163_1313,0.90581439
2021_1163_1314,0.520313555
2021_1163_1317,0.742030767
2021_1163_1325,0.776830261
2021_1163_1326,0.441533403
2021_1163_1328,0.571816839
2021_1163_1329,0.529063291
2021_1163_1331,0.8691624
2021_1163_1332,0.524507373
2021_1163_1333,0.740490254
2021_1163_1345,0.5
2021_1163_1353,0.576670988
2021_1163_1361,0.471136173
2021_1163_1364,0.752883206
2021_1163_1382,0.571882609
2021_1163_1393,0.606639798
2021_1163_1397,0.48249805
2021_1163_1400,0.489139465
2021_1163_1403,0.5
2021_1163_1411,0.915832204
2021_1163_1417,0.609020923
2021_1163_1422,0.770373707
2021_1163_1425,0.477216385
2021_1163_1429,0.608310888
2021_1163_1433,0.644619604
2021_1163_1437,0.456061499
2021_1163_1438,0.457600491
2021_1163_1439,0.634123018
2021_1163_1452,0.5
2021_1163_1455,0.685318151
2021_1163_1457,0.756229564
2021_1163_1458,0.479671775
2021_1166_1179,0.719918243
2021_1166_1180,0.878238943
2021_1166_1186,0.822340797
2021_1166_1196,0.616174374
2021_1166_1199,0.5
2021_1166_1207,0.726334953
2021_1166_1210,0.59940574
2021_1166_1211,0.423175616
2021_1166_1213,0.838855321
2021_1166_1216,0.901597298
2021_1166_1222,0.449466365
2021_1166_1228,0.437108228
2021_1166_1233,0.896878473
2021_1166_1234,0.457590388
2021_1166_1242,0.486217325
2021_1166_1251,0.8259211
2021_1166_1260,0.553951426
2021_1166_1261,0.553764801
2021_1166_1268,0.619067205
2021_1166_1276,0.437947544
2021_1166_1277,0.676650914
2021_1166_1281,0.656461972
2021_1166_1287,0.877211299
2021_1166_1291,0.907140836
2021_1166_1313,0.908172722
2021_1166_1314,0.557654456
2021_1166_1317,0.766874496
2021_1166_1325,0.798193819
2021_1166_1326,0.478793815
2021_1166_1328,0.608673145
2021_1166_1329,0.566292233
2021_1166_1331,0.878125893
2021_1166_1332,0.561776822
2021_1166_1333,0.765983676
2021_1166_1345,0.536371808
2021_1166_1353,0.613502854
2021_1166_1361,0.50866973
2021_1166_1364,0.777104841
2021_1166_1382,0.608719762
2021_1166_1393,0.643494913
2021_1166_1397,0.52010876
2021_1166_1400,0.526682081
2021_1166_1403,0.534630757
2021_1166_1411,0.918873449
2021_1166_1417,0.645885627
2021_1166_1422,0.792840584
2021_1166_1425,0.514777135
2021_1166_1429,0.645206136
2021_1166_1433,0.677212077
2021_1166_1437,0.493555599
2021_1166_1438,0.5
2021_1166_1439,0.664773315
2021_1166_1452,0.539961166
2021_1166_1455,0.715546461
2021_1166_1457,0.779981014
2021_1166_1458,0.517204868
2021_1179_1180,0.794208495
2021_1179_1186,0.680296988
2021_1179_1196,0.394134025
2021_1179_1199,0.287472242
2021_1179_1207,0.524903103
2021_1179_1210,0.378897461
2021_1179_1211,0.233022777
2021_1179_1213,0.71737429
2021_1179_1216,0.85431379
2021_1179_1222,0.251680795
2021_1179_1228,0.242899613
2021_1179_1233,0.827166511
2021_1179_1234,0.257651767
2021_1179_1242,0.279609586
2021_1179_1251,0.682525934
2021_1179_1260,0.338348234
2021_1179_1261,0.338563093
2021_1179_1268,0.397814016
2021_1179_1276,0.243480131
2021_1179_1277,0.461711915
2021_1179_1281,0.438406431
2021_1179_1287,0.78114131
2021_1179_1291,0.878600435
2021_1179_1313,0.880106088
2021_1179_1314,0.341534759
2021_1179_1317,0.584466156
2021_1179_1325,0.637716041
2021_1179_1326,0.27402389
2021_1179_1328,0.387294597
2021_1179_1329,0.349822463
2021_1179_1331,0.799906765
2021_1179_1332,0.345554876
2021_1179_1333,0.58055491
2021_1179_1345,0.320854457
2021_1179_1353,0.392208049
2021_1179_1361,0.297665076
2021_1179_1364,0.598230095
2021_1179_1382,0.387463261
2021_1179_1393,0.420506284
2021_1179_1397,0.306164515
2021_1179_1400,0.312487156
2021_1179_1403,0.318357182
2021_1179_1411,0.887269989
2021_1179_1417,0.422902947
2021_1179_1422,0.625096267
2021_1179_1425,0.302247516
2021_1179_1429,0.421853242
2021_1179_1433,0.46206993
2021_1179_1437,0.284962721
2021_1179_1438,0.286083203
2021_1179_1439,0.447688653
2021_1179_1452,0.323448748
2021_1179_1455,0.508851267
2021_1179_1457,0.60379115
2021_1179_1458,0.3040982
2021_1180_1186,0.336785822
2021_1180_1196,0.151518229
2021_1180_1199,0.112743447
2021_1180_1207,0.218205717
2021_1180_1210,0.146759635
2021_1180_1211,0.096198889
2021_1180_1213,0.382185966
2021_1180_1216,0.650711202
2021_1180_1222,0.101938366
2021_1180_1228,0.099368015
2021_1180_1233,0.559978914
2021_1180_1234,0.10371874
2021_1180_1242,0.111863575
2021_1180_1251,0.33813781
2021_1180_1260,0.127397961
2021_1180_1261,0.129917919
2021_1180_1268,0.15517423
2021_1180_1276,0.099485921
2021_1180_1277,0.185420564
2021_1180_1281,0.173821758
2021_1180_1287,0.467101727
2021_1180_1291,0.735323663
2021_1180_1313,0.738630675
2021_1180_1314,0.130753444
2021_1180_1317,0.249953316
2021_1180_1325,0.291723739
2021_1180_1326,0.109933046
2021_1180_1328,0.149338124
2021_1180_1329,0.137942911
2021_1180_1331,0.519404647
2021_1180_1332,0.134086183
2021_1180_1333,0.252810488
2021_1180_1345,0.126542867
2021_1180_1353,0.153028705
2021_1180_1361,0.118297869
2021_1180_1364,0.263077423
2021_1180_1382,0.150106191
2021_1180_1393,0.163380584
2021_1180_1397,0.118617831
2021_1180_1400,0.123827444
2021_1180_1403,0.122684499
2021_1180_1411,0.734755245
2021_1180_1417,0.164698165
2021_1180_1422,0.279456525
2021_1180_1425,0.118431684
2021_1180_1429,0.162976316
2021_1180_1433,0.183985296
2021_1180_1437,0.112251675
2021_1180_1438,0.112388666
2021_1180_1439,0.176732734
2021_1180_1452,0.12671664
2021_1180_1455,0.211426267
2021_1180_1457,0.265512609
2021_1180_1458,0.117731062
2021_1186_1196,0.2379671
2021_1186_1199,0.169631799
2021_1186_1207,0.345170067
2021_1186_1210,0.228090726
2021_1186_1211,0.13852899
2021_1186_1213,0.557775322
2021_1186_1216,0.782465387
2021_1186_1222,0.149078535
2021_1186_1228,0.144188593
2021_1186_1233,0.720808615
2021_1186_1234,0.152487687
2021_1186_1242,0.165881693
2021_1186_1251,0.50560511
2021_1186_1260,0.198245479
2021_1186_1261,0.199675598
2021_1186_1268,0.241982369
2021_1186_1276,0.144488395
2021_1186_1277,0.29015068
2021_1186_1281,0.271974418
2021_1186_1287,0.646116474
2021_1186_1291,0.834606352
2021_1186_1313,0.836980882
2021_1186_1314,0.201480821
2021_1186_1317,0.396135139
2021_1186_1325,0.450340262
2021_1186_1326,0.162652203
2021_1186_1328,0.233462721
2021_1186_1329,0.209418453
2021_1186_1331,0.685712588
2021_1186_1332,0.205169527
2021_1186_1333,0.393862319
2021_1186_1345,0.191534551
2021_1186_1353,0.237966839
2021_1186_1361,0.177019589
2021_1186_1364,0.409960034
2021_1186_1382,0.234124436
2021_1186_1393,0.257450647
2021_1186_1397,0.180717661
2021_1186_1400,0.186390162
2021_1186_1403,0.188124614
2021_1186_1411,0.838200514
2021_1186_1417,0.259344019
2021_1186_1422,0.435280659
2021_1186_1425,0.179023985
2021_1186_1429,0.257724618
2021_1186_1433,0.289623315
2021_1186_1437,0.168333483
2021_1186_1438,0.168859891
2021_1186_1439,0.278341663
2021_1186_1452,0.192601173
2021_1186_1455,0.332295824
2021_1186_1457,0.414973339
2021_1186_1458,0.179481987
2021_1196_1199,0.398558778
2021_1196_1207,0.644570086
2021_1196_1210,0.5
2021_1196_1211,0.333077773
2021_1196_1213,0.794923774
2021_1196_1216,0.886035757
2021_1196_1222,0.355744507
2021_1196_1228,0.345047211
2021_1196_1233,0.873002077
2021_1196_1234,0.362932348
2021_1196_1242,0.388824542
2021_1196_1251,0.772858715
2021_1196_1260,0.454260615
2021_1196_1261,0.454000695
2021_1196_1268,0.520654375
2021_1196_1276,0.345768488
2021_1196_1277,0.586348442
2021_1196_1281,0.563185039
2021_1196_1287,0.843345462
2021_1196_1291,0.89876147
2021_1196_1313,0.899909112
2021_1196_1314,0.45776231
2021_1196_1317,0.69558996
2021_1196_1325,0.7361389
2021_1196_1326,0.382146325
2021_1196_1328,0.509777045
2021_1196_1329,0.466614868
2021_1196_1331,0.851069706
2021_1196_1332,0.462010473
2021_1196_1333,0.692937151
2021_1196_1345,0.43682376
2021_1196_1353,0.514769166
2021_1196_1361,0.409948304
2021_1196_1364,0.707294532
2021_1196_1382,0.509868235
2021_1196_1393,0.545106485
2021_1196_1397,0.42067502
2021_1196_1400,0.427213289
2021_1196_1403,0.434821265
2021_1196_1411,0.9089564
2021_1196_1417,0.547516472
2021_1196_1422,0.727988428
2021_1196_1425,0.415708602
2021_1196_1429,0.546737975
2021_1196_1433,0.587016036
2021_1196_1437,0.395549523
2021_1196_1438,0.396973163
2021_1196_1439,0.572698672
2021_1196_1452,0.440124691
2021_1196_1455,0.63314782
2021_1196_1457,0.711475312
2021_1196_1458,0.418107011
2021_1199_1207,0.745656865
2021_1199_1210,0.625111256
2021_1199_1211,0.448376669
2021_1199_1213,0.849690201
2021_1199_1216,0.906417534
2021_1199_1222,0.475152175
2021_1199_1228,0.462591208
2021_1199_1233,0.903209955
2021_1199_1234,0.483362723
2021_1199_1242,0.512121876
2021_1199_1251,0.838464421
2021_1199_1260,0.579635814
2021_1199_1261,0.579453505
2021_1199_1268,0.64481832
2021_1199_1276,0.463447849
2021_1199_1277,0.698470127
2021_1199_1281,0.679139164
2021_1199_1287,0.885560515
2021_1199_1291,0.910644069
2021_1199_1313,0.911595595
2021_1199_1314,0.583377156
2021_1199_1317,0.783659728
2021_1199_1325,0.812786416
2021_1199_1326,0.5
2021_1199_1328,0.634435363
2021_1199_1329,0.591950491
2021_1199_1331,0.885339723
2021_1199_1332,0.587448415
2021_1199_1333,0.783035115
2021_1199_1345,0.562106405
2021_1199_1353,0.639269316
2021_1199_1361,0.534516991
2021_1199_1364,0.793418948
2021_1199_1382,0.63448192
2021_1199_1393,0.663337414
2021_1199_1397,0.545982655
2021_1199_1400,0.552492292
2021_1199_1403,0.560448255
2021_1199_1411,0.922362484
2021_1199_1417,0.665437226
2021_1199_1422,0.808018628
2021_1199_1425,0.540625936
2021_1199_1429,0.664860499
2021_1199_1433,0.699038652
2021_1199_1437,0.519496299
2021_1199_1438,0.521081364
2021_1199_1439,0.68711689
2021_1199_1452,0.565741839
2021_1199_1455,0.735618941
2021_1199_1457,0.796040227
2021_1199_1458,0.543043642
2021_1207_1210,0.367018224
2021_1207_1211,0.224365963
2021_1207_1213,0.70397594
2021_1207_1216,0.845344361
2021_1207_1222,0.242466278
2021_1207_1228,0.233934423
2021_1207_1233,0.817150729
2021_1207_1234,0.248226377
2021_1207_1242,0.269624523
2021_1207_1251,0.668992408
2021_1207_1260,0.32750125
2021_1207_1261,0.327772535
2021_1207_1268,0.385445597
2021_1207_1276,0.234497984
2021_1207_1277,0.448305082
2021_1207_1281,0.425306018
2021_1207_1287,0.769761291
2021_1207_1291,0.870289396
2021_1207_1313,0.871995035
2021_1207_1314,0.330642489
2021_1207_1317,0.569820059
2021_1207_1325,0.622670047
2021_1207_1326,0.264120372
2021_1207_1328,0.375201817
2021_1207_1329,0.338828236
2021_1207_1331,0.788819397
2021_1207_1332,0.334657522
2021_1207_1333,0.566411348
2021_1207_1345,0.309755363
2021_1207_1353,0.380000007
2021_1207_1361,0.287202796
2021_1207_1364,0.58377176
2021_1207_1382,0.375350964
2021_1207_1393,0.407602948
2021_1207_1397,0.295413186
2021_1207_1400,0.301652648
2021_1207_1403,0.30730759
2021_1207_1411,0.879952069
2021_1207_1417,0.409993566
2021_1207_1422,0.610191075
2021_1207_1425,0.29163032
2021_1207_1429,0.408965477
2021_1207_1433,0.448582655
2021_1207_1437,0.274770164
2021_1207_1438,0.2758469
2021_1207_1439,0.434359102
2021_1207_1452,0.312341147
2021_1207_1455,0.5
2021_1207_1457,0.589171177
2021_1207_1458,0.293303189
2021_1210_1211,0.347630883
2021_1210_1213,0.801251512
2021_1210_1216,0.886678437
2021_1210_1222,0.371019141
2021_1210_1228,0.35997545
2021_1210_1233,0.875710447
2021_1210_1234,0.378399026
2021_1210_1242,0.404990477
2021_1210_1251,0.781446885
2021_1210_1260,0.471223127
2021_1210_1261,0.471023791
2021_1210_1268,0.537430835
2021_1210_1276,0.360721042
2021_1210_1277,0.602780908
2021_1210_1281,0.579746978
2021_1210_1287,0.848193049
2021_1210_1291,0.897686862
2021_1210_1313,0.898868657
2021_1210_1314,0.47483004
2021_1210_1317,0.707730698
2021_1210_1325,0.746528411
2021_1210_1326,0.398089393
2021_1210_1328,0.526687084
2021_1210_1329,0.483740036
2021_1210_1331,0.853970646
2021_1210_1332,0.479117305
2021_1210_1333,0.705703611
2021_1210_1345,0.453728625
2021_1210_1353,0.531649928
2021_1210_1361,0.426514643
2021_1210_1364,0.719391929
2021_1210_1382,0.526765173
2021_1210_1393,0.561720171
2021_1210_1397,0.437422604
2021_1210_1400,0.444057232
2021_1210_1403,0.451747501
2021_1210_1411,0.908739886
2021_1210_1417,0.564117487
2021_1210_1422,0.738998912
2021_1210_1425,0.432360568
2021_1210_1429,0.563364012
2021_1210_1433,0.603403549
2021_1210_1437,0.411861428
2021_1210_1438,0.413319049
2021_1210_1439,0.589141275
2021_1210_1452,0.457129677
2021_1210_1455,0.645645142
2021_1210_1457,0.723245594
2021_1210_1458,0.434740351
2021_1211_1213,0.873785427
2021_1211_1216,0.913448304
2021_1211_1222,0.55569864
2021_1211_1228,0.543195739
2021_1211_1233,0.915414579
2021_1211_1234,0.563740049
2021_1211_1242,0.592081388
2021_1211_1251,0.8680531
2021_1211_1260,0.653540024
2021_1211_1261,0.653673125
2021_1211_1268,0.708774516
2021_1211_1276,0.544047608
2021_1211_1277,0.758009452
2021_1211_1281,0.741779927
2021_1211_1287,0.903554234
2021_1211_1291,0.91301099
2021_1211_1313,0.913839976
2021_1211_1314,0.657294809
2021_1211_1317,0.825932316
2021_1211_1325,0.848495619
2021_1211_1326,0.584590486
2021_1211_1328,0.700615947
2021_1211_1329,0.665105564
2021_1211_1331,0.899191806
2021_1211_1332,0.660962228
2021_1211_1333,0.826660734
2021_1211_1345,0.641330249
2021_1211_1353,0.704581006
2021_1211_1361,0.614015429
2021_1211_1364,0.834653547
2021_1211_1382,0.700719676
2021_1211_1393,0.727973779
2021_1211_1397,0.62530093
2021_1211_1400,0.631944518
2021_1211_1403,0.639646165
2021_1211_1411,0.926099722
2021_1211_1417,0.729773748
2021_1211_1422,0.845531004
2021_1211_1425,0.619942204
2021_1211_1429,0.729293378
2021_1211_1433,0.758447575
2021_1211_1437,0.599222332
2021_1211_1438,0.60080308
2021_1211_1439,0.748365159
2021_1211_1452,0.645151612
2021_1211_1455,0.789243531
2021_1211_1457,0.836326175
2021_1211_1458,0.62208198
2021_1213_1216,0.745838876
2021_1213_1222,0.131612413
2021_1213_1228,0.127654575
2021_1213_1233,0.6723225
2021_1213_1234,0.134338912
2021_1213_1242,0.145802906
2021_1213_1251,0.445990804
2021_1213_1260,0.170998152
2021_1213_1261,0.17317791
2021_1213_1268,0.209049123
2021_1213_1276,0.127891728
2021_1213_1277,0.250769161
2021_1213_1281,0.23478528
2021_1213_1287,0.586491606
2021_1213_1291,0.809565578
2021_1213_1313,0.811741793
2021_1213_1314,0.17455824
2021_1213_1317,0.34457646
2021_1213_1325,0.393919781
2021_1213_1326,0.142998187
2021_1213_1328,0.201514029
2021_1213_1329,0.182558062
2021_1213_1331,0.637839236
2021_1213_1332,0.178416266
2021_1213_1333,0.344149004
2021_1213_1345,0.167053236
2021_1213_1353,0.205771387
2021_1213_1361,0.15507855
2021_1213_1364,0.35779637
2021_1213_1382,0.20207171
2021_1213_1393,0.221685199
2021_1213_1397,0.157134838
2021_1213_1400,0.162901939
2021_1213_1403,0.163259565
2021_1213_1411,0.810694765
2021_1213_1417,0.223454882
2021_1213_1422,0.379874174
2021_1213_1425,0.156176987
2021_1213_1429,0.22173652
2021_1213_1433,0.249710921
2021_1213_1437,0.147364207
2021_1213_1438,0.147702642
2021_1213_1439,0.239842101
2021_1213_1452,0.16784574
2021_1213_1455,0.285179318
2021_1213_1457,0.361766489
2021_1213_1458,0.156031199
2021_1216_1222,0.083206142
2021_1216_1228,0.081886708
2021_1216_1233,0.401846541
2021_1216_1234,0.084060028
2021_1216_1242,0.08939007
2021_1216_1251,0.221321305
2021_1216_1260,0.09538916
2021_1216_1261,0.098529102
2021_1216_1268,0.113647285
2021_1216_1276,0.08191212
2021_1216_1277,0.132509934
2021_1216_1281,0.12546341
2021_1216_1287,0.320638649
2021_1216_1291,0.601158916
2021_1216_1313,0.605846414
2021_1216_1314,0.098912875
2021_1216_1317,0.166372392
2021_1216_1325,0.193619017
2021_1216_1326,0.088115157
2021_1216_1328,0.109624422
2021_1216_1329,0.105766354
2021_1216_1331,0.365360863
2021_1216_1332,0.101994859
2021_1216_1333,0.172716465
2021_1216_1345,0.097903341
2021_1216_1353,0.112754965
2021_1216_1361,0.093196865
2021_1216_1364,0.177808553
2021_1216_1382,0.110577249
2021_1216_1393,0.117613023
2021_1216_1397,0.091643774
2021_1216_1400,0.096738837
2021_1216_1403,0.093810782
2021_1216_1411,0.598334386
2021_1216_1417,0.118590342
2021_1216_1422,0.185650191
2021_1216_1425,0.0922528
2021_1216_1429,0.116835648
2021_1216_1433,0.13077568
2021_1216_1437,0.088616568
2021_1216_1438,0.088532264
2021_1216_1439,0.126207699
2021_1216_1452,0.097707398
2021_1216_1455,0.149743424
2021_1216_1457,0.177867025
2021_1216_1458,0.09079127
2021_1222_1228,0.514853106
2021_1222_1233,0.91114876
2021_1222_1234,0.535557834
2021_1222_1242,0.56404435
2021_1222_1251,0.858153605
2021_1222_1260,0.630532931
2021_1222_1261,0.630541223
2021_1222_1268,0.685914083
2021_1222_1276,0.515711839
2021_1222_1277,0.738039611
2021_1222_1281,0.720734156
2021_1222_1287,0.897446463
2021_1222_1291,0.911841486
2021_1222_1313,0.912695315
2021_1222_1314,0.634563918
2021_1222_1317,0.811873646
2021_1222_1325,0.836593922
2021_1222_1326,0.55656575
2021_1222_1328,0.677275635
2021_1222_1329,0.643295101
2021_1222_1331,0.894290365
2021_1222_1332,0.638660138
2021_1222_1333,0.812162124
2021_1222_1345,0.613334116
2021_1222_1353,0.681414739
2021_1222_1361,0.586060324
2021_1222_1364,0.820983295
2021_1222_1382,0.677369719
2021_1222_1393,0.706192866
2021_1222_1397,0.597381377
2021_1222_1400,0.603925153
2021_1222_1403,0.611694822
2021_1222_1411,0.924511048
2021_1222_1417,0.708096929
2021_1222_1422,0.833077677
2021_1222_1425,0.5920319
2021_1222_1429,0.707601294
2021_1222_1433,0.738550379
2021_1222_1437,0.571254337
2021_1222_1438,0.57283533
2021_1222_1439,0.727812174
2021_1222_1452,0.617085075
2021_1222_1455,0.771367905
2021_1222_1457,0.822969165
2021_1222_1458,0.594257395
2021_1228_1233,0.912814725
2021_1228_1234,0.548132899
2021_1228_1242,0.576536265
2021_1228_1251,0.862419728
2021_1228_1260,0.642844293
2021_1228_1261,0.64293577
2021_1228_1268,0.696154885
2021_1228_1276,0.528366709
2021_1228_1277,0.746983932
2021_1228_1281,0.730152646
2021_1228_1287,0.89998345
2021_1228_1291,0.911952575
2021_1228_1313,0.912810173
2021_1228_1314,0.64697992
2021_1228_1317,0.818049554
2021_1228_1325,0.841797974
2021_1228_1326,0.569056688
2021_1228_1328,0.687719628
2021_1228_1329,0.651207912
2021_1228_1331,0.896205711
2021_1228_1332,0.646995545
2021_1228_1333,0.818596259
2021_1228_1345,0.625746734
2021_1228_1353,0.691794661
2021_1228_1361,0.598488624
2021_1228_1364,0.827022145
2021_1228_1382,0.687819687
2021_1228_1393,0.71593376
2021_1228_1397,0.609760217
2021_1228_1400,0.616357797
2021_1228_1403,0.62406838
2021_1228_1411,0.924916205
2021_1228_1417,0.717787883
2021_1228_1422,0.838528664
2021_1228_1425,0.60442159
2021_1228_1429,0.717293643
2021_1228_1433,0.7474422
2021_1228_1437,0.583697357
2021_1228_1438,0.585275299
2021_1228_1439,0.736998631
2021_1228_1452,0.629519211
2021_1228_1455,0.779359573
2021_1228_1457,0.828851562
2021_1228_1458,0.606596057
2021_1233_1234,0.089532019
2021_1233_1242,0.096386162
2021_1233_1251,0.287835592
2021_1233_1260,0.108754264
2021_1233_1261,0.111146768
2021_1233_1268,0.132497833
2021_1233_1276,0.086058953
2021_1233_1277,0.158232232
2021_1233_1281,0.148242894
2021_1233_1287,0.411343602
2021_1233_1291,0.689518031
2021_1233_1313,0.69331931
2021_1233_1314,0.111872126
2021_1233_1317,0.212539698
2021_1233_1325,0.249266169
2021_1233_1326,0.094786654
2021_1233_1328,0.127409717
2021_1233_1329,0.118387475
2021_1233_1331,0.461852453
2021_1233_1332,0.114809485
2021_1233_1333,0.215811588
2021_1233_1345,0.108678088
2021_1233_1353,0.130737541
2021_1233_1361,0.101742427
2021_1233_1364,0.224494432
2021_1233_1382,0.128145163
2021_1233_1393,0.139198607
2021_1233_1397,0.101685062
2021_1233_1400,0.106434453
2021_1233_1403,0.105070821
2021_1233_1411,0.688600106
2021_1233_1417,0.140332526
2021_1233_1422,0.238385551
2021_1233_1425,0.101667533
2021_1233_1429,0.138709184
2021_1233_1433,0.156749353
2021_1233_1437,0.096588455
2021_1233_1438,0.096668038
2021_1233_1439,0.150564462
2021_1233_1452,0.108703829
2021_1233_1455,0.180612857
2021_1233_1457,0.226243231
2021_1233_1458,0.100997381
2021_1234_1242,0.553561075
2021_1234_1251,0.85416948
2021_1234_1260,0.620132823
2021_1234_1261,0.620115704
2021_1234_1268,0.677091251
2021_1234_1276,0.505118849
2021_1234_1277,0.730260112
2021_1234_1281,0.712535183
2021_1234_1287,0.894979925
2021_1234_1291,0.911304718
2021_1234_1313,0.912178463
2021_1234_1314,0.624110623
2021_1234_1317,0.806271773
2021_1234_1325,0.831873357
2021_1234_1326,0.546079496
2021_1234_1328,0.668253188
2021_1234_1329,0.632806536
2021_1234_1331,0.892344398
2021_1234_1332,0.628197118
2021_1234_1333,0.806437879
2021_1234_1345,0.602922158
2021_1234_1353,0.67247253
2021_1234_1361,0.575631473
2021_1234_1364,0.815551508
2021_1234_1382,0.668341755
2021_1234_1393,0.697728839
2021_1234_1397,0.586953733
2021_1234_1400,0.593490776
2021_1234_1403,0.601272063
2021_1234_1411,0.923849443
2021_1234_1417,0.69966674
2021_1234_1422,0.828075332
2021_1234_1425,0.581615196
2021_1234_1429,0.699144941
2021_1234_1433,0.730765057
2021_1234_1437,0.560794187
2021_1234_1438,0.562372978
2021_1234_1439,0.719790078
2021_1234_1452,0.606639529
2021_1234_1455,0.764333116
2021_1234_1457,0.817646145
2021_1234_1458,0.583871569
2021_1242_1251,0.841829308
2021_1242_1260,0.592301632
2021_1242_1261,0.592264093
2021_1242_1268,0.652461491
2021_1242_1276,0.477024042
2021_1242_1277,0.708219127
2021_1242_1281,0.689464261
2021_1242_1287,0.886607788
2021_1242_1291,0.907310355
2021_1242_1313,0.908297966
2021_1242_1314,0.596194937
2021_1242_1317,0.789621605
2021_1242_1325,0.817380065
2021_1242_1326,0.518088415
2021_1242_1328,0.646917415
2021_1242_1329,0.604867719
2021_1242_1331,0.88488053
2021_1242_1332,0.600307345
2021_1242_1333,0.789550975
2021_1242_1345,0.575120874
2021_1242_1353,0.647595509
2021_1242_1361,0.547764041
2021_1242_1364,0.799381262
2021_1242_1382,0.64698128
2021_1242_1393,0.673961553
2021_1242_1397,0.559070176
2021_1242_1400,0.565630658
2021_1242_1403,0.57340657
2021_1242_1411,0.920058243
2021_1242_1417,0.676005245
2021_1242_1422,0.813170472
2021_1242_1425,0.55375876
2021_1242_1429,0.675458507
2021_1242_1433,0.70870665
2021_1242_1437,0.53281624
2021_1242_1438,0.534395944
2021_1242_1439,0.697120047
2021_1242_1452,0.578772724
2021_1242_1455,0.744334272
2021_1242_1457,0.801757393
2021_1242_1458,0.556046424
2021_1251_1260,0.204838774
2021_1251_1261,0.206080806
2021_1251_1268,0.249702297
2021_1251_1276,0.148480328
2021_1251_1277,0.29915145
2021_1251_1281,0.280566635
2021_1251_1287,0.651916899
2021_1251_1291,0.835819936
2021_1251_1313,0.838444808
2021_1251_1314,0.207968268
2021_1251_1317,0.407177793
2021_1251_1325,0.461893733
2021_1251_1326,0.167382698
2021_1251_1328,0.240981799
2021_1251_1329,0.21574193
2021_1251_1331,0.692785859
2021_1251_1332,0.211530566
2021_1251_1333,0.404791558
2021_1251_1345,0.197371822
2021_1251_1353,0.245511603
2021_1251_1361,0.182275041
2021_1251_1364,0.421195255
2021_1251_1382,0.241620756
2021_1251_1393,0.265758174
2021_1251_1397,0.18644183
2021_1251_1400,0.191986407
2021_1251_1403,0.194145274
2021_1251_1411,0.8404991
2021_1251_1417,0.267630726
2021_1251_1422,0.446880294
2021_1251_1425,0.184513563
2021_1251_1429,0.26605612
2021_1251_1433,0.298676747
2021_1251_1437,0.173323174
2021_1251_1438,0.173902985
2021_1251_1439,0.287166516
2021_1251_1452,0.198455656
2021_1251_1455,0.341494224
2021_1251_1457,0.426445459
2021_1251_1458,0.185178686
2021_1260_1261,0.518566963
2021_1260_1268,0.584854777
2021_1260_1276,0.403273431
2021_1260_1277,0.646616434
2021_1260_1281,0.627514172
2021_1260_1287,0.870163178
2021_1260_1291,0.910594885
2021_1260_1313,0.911444295
2021_1260_1314,0.522511763
2021_1260_1317,0.745972265
2021_1260_1325,0.780866117
2021_1260_1326,0.443196671
2021_1260_1328,0.574345315
2021_1260_1329,0.531083819
2021_1260_1331,0.874290525
2021_1260_1332,0.526576271
2021_1260_1333,0.743752062
2021_1260_1345,0.5
2021_1260_1353,0.579127696
2021_1260_1361,0.472918018
2021_1260_1364,0.756486128
2021_1260_1382,0.574429391
2021_1260_1393,0.609484235
2021_1260_1397,0.484491752
2021_1260_1400,0.491037771
2021_1260_1403,0.5
2021_1260_1411,0.9203864
2021_1260_1417,0.611863241
2021_1260_1422,0.774205846
2021_1260_1425,0.479109299
2021_1260_1429,0.611211454
2021_1260_1433,0.647458979
2021_1260_1437,0.457890242
2021_1260_1438,0.459443644
2021_1260_1439,0.637166944
2021_1260_1452,0.5
2021_1260_1455,0.687967449
2021_1260_1457,0.760027714
2021_1260_1458,0.481695239
2021_1261_1268,0.583648451
2021_1261_1276,0.402976563
2021_1261_1277,0.645201928
2021_1261_1281,0.626025971
2021_1261_1287,0.866187066
2021_1261_1291,0.904379213
2021_1261_1313,0.905390419
2021_1261_1314,0.521667137
2021_1261_1317,0.742970027
2021_1261_1325,0.777564561
2021_1261_1326,0.442783906
2021_1261_1328,0.573159636
2021_1261_1329,0.530385028
2021_1261_1331,0.869211118
2021_1261_1332,0.525821562
2021_1261_1333,0.741436914
2021_1261_1345,0.5
2021_1261_1353,0.578000138
2021_1261_1361,0.472409085
2021_1261_1364,0.753783479
2021_1261_1382,0.573230214
2021_1261_1393,0.607998849
2021_1261_1397,0.483824872
2021_1261_1400,0.490450079
2021_1261_1403,0.5
2021_1261_1411,0.915584153
2021_1261_1417,0.610373113
2021_1261_1422,0.771257405
2021_1261_1425,0.478513436
2021_1261_1429,0.609691581
2021_1261_1433,0.645853474
2021_1261_1437,0.457362158
2021_1261_1438,0.458911252
2021_1261_1439,0.635485961
2021_1261_1452,0.5
2021_1261_1455,0.686467624
2021_1261_1457,0.757161214
2021_1261_1458,0.480997907
2021_1268_1276,0.340643837
2021_1268_1277,0.579437739
2021_1268_1281,0.556268949
2021_1268_1287,0.838104326
2021_1268_1291,0.894017066
2021_1268_1313,0.895394811
2021_1268_1314,0.45126114
2021_1268_1317,0.688559281
2021_1268_1325,0.729561992
2021_1268_1326,0.376497722
2021_1268_1328,0.5
2021_1268_1329,0.460223401
2021_1268_1331,0.845694026
2021_1268_1332,0.455619012
2021_1268_1333,0.686381086
2021_1268_1345,0.430566465
2021_1268_1353,0.508021036
2021_1268_1361,0.404030798
2021_1268_1364,0.700628928
2021_1268_1382,0.5
2021_1268_1393,0.53814586
2021_1268_1397,0.414525405
2021_1268_1400,0.421103751
2021_1268_1403,0.428523671
2021_1268_1411,0.905120484
2021_1268_1417,0.540576821
2021_1268_1422,0.721285772
2021_1268_1425,0.409666509
2021_1268_1429,0.539765689
2021_1268_1433,0.579953105
2021_1268_1437,0.389736548
2021_1268_1438,0.391124484
2021_1268_1439,0.565664275
2021_1268_1452,0.433877425
2021_1268_1455,0.626046288
2021_1268_1457,0.704707623
2021_1268_1458,0.411917358
2021_1276_1277,0.746964924
2021_1276_1281,0.730121661
2021_1276_1287,0.900149604
2021_1276_1291,0.912303476
2021_1276_1313,0.913162067
2021_1276_1314,0.646878362
2021_1276_1317,0.818131027
2021_1276_1325,0.841901412
2021_1276_1326,0.568925338
2021_1276_1328,0.687665249
2021_1276_1329,0.651113513
2021_1276_1331,0.896437692
2021_1276_1332,0.646906048
2021_1276_1333,0.81864715
2021_1276_1345,0.625634795
2021_1276_1353,0.691738719
2021_1276_1361,0.598366736
2021_1276_1364,0.827086909
2021_1276_1382,0.687763078
2021_1276_1393,0.715897995
2021_1276_1397,0.609645986
2021_1276_1400,0.616238515
2021_1276_1403,0.623960388
2021_1276_1411,0.925191176
2021_1276_1417,0.717757663
2021_1276_1422,0.838617988
2021_1276_1425,0.60430769
2021_1276_1429,0.717261723
2021_1276_1433,0.747431147
2021_1276_1437,0.583571987
2021_1276_1438,0.585149944
2021_1276_1439,0.736977779
2021_1276_1452,0.629407001
2021_1276_1455,0.779366637
2021_1276_1457,0.828916989
2021_1276_1458,0.606489018
2021_1277_1281,0.491097687
2021_1277_1287,0.805618443
2021_1277_1291,0.880398906
2021_1277_1313,0.882138005
2021_1277_1314,0.38868306
2021_1277_1317,0.63424664
2021_1277_1325,0.677782993
2021_1277_1326,0.317197407
2021_1277_1328,0.438026902
2021_1277_1329,0.397333489
2021_1277_1331,0.817784451
2021_1277_1332,0.392880273
2021_1277_1333,0.631280894
2021_1277_1345,0.36985027
2021_1277_1353,0.443074272
2021_1277_1361,0.345828195
2021_1277_1364,0.644629154
2021_1277_1382,0.438168571
2021_1277_1393,0.472797776
2021_1277_1397,0.355046092
2021_1277_1400,0.361200133
2021_1277_1403,0.367694418
2021_1277_1411,0.891600231
2021_1277_1417,0.475240406
2021_1277_1422,0.668034054
2021_1277_1425,0.350790041
2021_1277_1429,0.474353254
2021_1277_1433,0.514975328
2021_1277_1437,0.332857708
2021_1277_1438,0.334070614
2021_1277_1439,0.5
2021_1277_1452,0.372714448
2021_1277_1455,0.561411639
2021_1277_1457,0.649361032
2021_1277_1458,0.352742726
2021_1281_1287,0.819836128
2021_1281_1291,0.886472273
2021_1281_1313,0.887757895
2021_1281_1314,0.413854168
2021_1281_1317,0.655848412
2021_1281_1325,0.699928888
2021_1281_1326,0.343171381
2021_1281_1328,0.464568905
2021_1281_1329,0.422673994
2021_1281_1331,0.82976208
2021_1281_1332,0.41810353
2021_1281_1333,0.653174543
2021_1281_1345,0.394151211
2021_1281_1353,0.469643752
2021_1281_1361,0.368933365
2021_1281_1364,0.668516982
2021_1281_1382,0.46469754
2021_1281_1393,0.5
2021_1281_1397,0.378707763
2021_1281_1400,0.385070609
2021_1281_1403,0.391991954
2021_1281_1411,0.897270329
2021_1281_1417,0.5
2021_1281_1422,0.690781326
2021_1281_1425,0.374180957
2021_1281_1429,0.5
2021_1281_1433,0.541849387
2021_1281_1437,0.355423514
2021_1281_1438,0.356717534
2021_1281_1439,0.527459005
2021_1281_1452,0.397179621
2021_1281_1455,0.587955465
2021_1281_1457,0.673011583
2021_1281_1458,0.376333827
2021_1287_1291,0.760048536
2021_1287_1313,0.763260388
2021_1287_1314,0.140995299
2021_1287_1317,0.280400252
2021_1287_1325,0.329862002
2021_1287_1326,0.11585025
2021_1287_1328,0.16278048
2021_1287_1329,0.147888804
2021_1287_1331,0.562160035
2021_1287_1332,0.144218995
2021_1287_1333,0.281190425
2021_1287_1345,0.135165549
2021_1287_1353,0.16646576
2021_1287_1361,0.125524868
2021_1287_1364,0.293415477
2021_1287_1382,0.163325667
2021_1287_1393,0.179263635
2021_1287_1397,0.126925334
2021_1287_1400,0.131895333
2021_1287_1403,0.131815776
2021_1287_1411,0.761872019
2021_1287_1417,0.180720696
2021_1287_1422,0.313251847
2021_1287_1425,0.126231958
2021_1287_1429,0.179129783
2021_1287_1433,0.20261062
2021_1287_1437,0.11915136
2021_1287_1438,0.119390953
2021_1287_1439,0.194396962
2021_1287_1452,0.13567351
2021_1287_1455,0.23304505
2021_1287_1457,0.29687206
2021_1287_1458,0.126026579
2021_1291_1313,0.505151351
2021_1291_1314,0.095312385
2021_1291_1317,0.137987247
2021_1291_1325,0.158119226
2021_1291_1326,0.089632844
2021_1291_1328,0.102513694
2021_1291_1329,0.10295318
2021_1291_1331,0.282972567
2021_1291_1332,0.098715504
2021_1291_1333,0.147258847
2021_1291_1345,0.096416548
2021_1291_1353,0.10584666
2021_1291_1361,0.093234753
2021_1291_1364,0.149238848
2021_1291_1382,0.103560834
2021_1291_1393,0.107786349
2021_1291_1397,0.090032026
2021_1291_1400,0.095853303
2021_1291_1403,0.091326792
2021_1291_1411,0.5
2021_1291_1417,0.108575438
2021_1291_1422,0.152256987
2021_1291_1425,0.091352908
2021_1291_1429,0.106562806
2021_1291_1433,0.117733286
2021_1291_1437,0.08879592
2021_1291_1438,0.088558105
2021_1291_1439,0.114331832
2021_1291_1452,0.09569125
2021_1291_1455,0.133424378
2021_1291_1457,0.147952701
2021_1291_1458,0.089298192
2021_1313_1314,0.096255179
2021_1313_1317,0.139278441
2021_1313_1325,0.159640854
2021_1313_1326,0.0903854
2021_1313_1328,0.103456869
2021_1313_1329,0.103799664
2021_1313_1331,0.285697924
2021_1313_1332,0.099545224
2021_1313_1333,0.14862515
2021_1313_1345,0.097160947
2021_1313_1353,0.106732497
2021_1313_1361,0.094019146
2021_1313_1364,0.150679171
2021_1313_1382,0.104602725
2021_1313_1393,0.10876096
2021_1313_1397,0.090990773
2021_1313_1400,0.096755452
2021_1313_1403,0.092243432
2021_1313_1411,0.5
2021_1313_1417,0.109560824
2021_1313_1422,0.153572343
2021_1313_1425,0.092199893
2021_1313_1429,0.107454492
2021_1313_1433,0.118753832
2021_1313_1437,0.089579193
2021_1313_1438,0.089339553
2021_1313_1439,0.115423465
2021_1313_1452,0.096522271
2021_1313_1455,0.13440183
2021_1313_1457,0.149515452
2021_1313_1458,0.090152501
2021_1314_1317,0.739693669
2021_1314_1325,0.774620325
2021_1314_1326,0.43847342
2021_1314_1328,0.568739992
2021_1314_1329,0.525951402
2021_1314_1331,0.867626285
2021_1314_1332,0.521392162
2021_1314_1333,0.738044423
2021_1314_1345,0.5
2021_1314_1353,0.573572531
2021_1314_1361,0.468018865
2021_1314_1364,0.750557789
2021_1314_1382,0.568818069
2021_1314_1393,0.603572943
2021_1314_1397,0.479413196
2021_1314_1400,0.486030032
2021_1314_1403,0.494004472
2021_1314_1411,0.9146612
2021_1314_1417,0.605936606
2021_1314_1422,0.768239148
2021_1314_1425,0.474105527
2021_1314_1429,0.60526569
2021_1314_1433,0.645348038
2021_1314_1437,0.452989546
2021_1314_1438,0.454533808
2021_1314_1439,0.631021954
2021_1314_1452,0.5
2021_1314_1455,0.68259416
2021_1314_1457,0.753999795
2021_1314_1458,0.476571765
2021_1317_1325,0.570690602
2021_1317_1326,0.225397061
2021_1317_1328,0.323056174
2021_1317_1329,0.288957211
2021_1317_1331,0.767714326
2021_1317_1332,0.284525641
2021_1317_1333,0.511379061
2021_1317_1345,0.265525909
2021_1317_1353,0.331487764
2021_1317_1361,0.245466667
2021_1317_1364,0.529349305
2021_1317_1382,0.323423001
2021_1317_1393,0.356180975
2021_1317_1397,0.252163631
2021_1317_1400,0.258238577
2021_1317_1403,0.262596205
2021_1317_1411,0.876332224
2021_1317_1417,0.358332353
2021_1317_1422,0.556742305
2021_1317_1425,0.249093786
2021_1317_1429,0.357069114
2021_1317_1433,0.394191646
2021_1317_1437,0.234212361
2021_1317_1438,0.23511018
2021_1317_1439,0.380888805
2021_1317_1452,0.267434946
2021_1317_1455,0.439015634
2021_1317_1457,0.535155631
2021_1317_1458,0.250506193
2021_1325_1326,0.189420881
2021_1325_1328,0.273716513
2021_1325_1329,0.244445829
2021_1325_1331,0.72557499
2021_1325_1332,0.240249442
2021_1325_1333,0.449644773
2021_1325_1345,0.223758539
2021_1325_1353,0.278343746
2021_1325_1361,0.206631374
2021_1325_1364,0.467048284
2021_1325_1382,0.274073684
2021_1325_1393,0.301310175
2021_1325_1397,0.211822904
2021_1325_1400,0.217637947
2021_1325_1403,0.22076114
2021_1325_1411,0.855136839
2021_1325_1417,0.303458624
2021_1325_1422,0.494070269
2021_1325_1425,0.209428822
2021_1325_1429,0.302075078
2021_1325_1433,0.340345767
2021_1325_1437,0.196766787
2021_1325_1438,0.197463945
2021_1325_1439,0.328438676
2021_1325_1452,0.225413635
2021_1325_1455,0.381480578
2021_1325_1457,0.472606835
2021_1325_1458,0.210298714
2021_1326_1328,0.647977304
2021_1326_1329,0.610203392
2021_1326_1331,0.886159154
2021_1326_1332,0.605615254
2021_1326_1333,0.792743356
2021_1326_1345,0.580444751
2021_1326_1353,0.652379746
2021_1326_1361,0.553137382
2021_1326_1364,0.802428268
2021_1326_1382,0.648053677
2021_1326_1393,0.678491061
2021_1326_1397,0.564380915
2021_1326_1400,0.570975999
2021_1326_1403,0.57869515
2021_1326_1411,0.920662637
2021_1326_1417,0.680504145
2021_1326_1422,0.815848871
2021_1326_1425,0.55909614
2021_1326_1429,0.67994692
2021_1326_1433,0.712912019
2021_1326_1437,0.538199798
2021_1326_1438,0.53977185
2021_1326_1439,0.701431553
2021_1326_1452,0.58409786
2021_1326_1455,0.748140651
2021_1326_1457,0.804702301
2021_1326_1458,0.561342722
2021_1328_1329,0.476063288
2021_1328_1331,0.853620468
2021_1328_1332,0.471451284
2021_1328_1333,0.700411367
2021_1328_1345,0.446147157
2021_1328_1353,0.524202146
2021_1328_1361,0.419023701
2021_1328_1364,0.714404357
2021_1328_1382,0.519308775
2021_1328_1393,0.554437934
2021_1328_1397,0.429891704
2021_1328_1400,0.436456029
2021_1328_1403,0.44414981
2021_1328_1411,0.909709979
2021_1328_1417,0.55684363
2021_1328_1422,0.734589667
2021_1328_1425,0.424863097
2021_1328_1429,0.55606352
2021_1328_1433,0.596250968
2021_1328_1437,0.40447057
2021_1328_1438,0.405920562
2021_1328_1439,0.581956979
2021_1328_1452,0.449470341
2021_1328_1455,0.642449705
2021_1328_1457,0.718428966
2021_1328_1458,0.427295062
2021_1329_1331,0.861150244
2021_1329_1332,0.52011442
2021_1329_1333,0.734649714
2021_1329_1345,0.494714141
2021_1329_1353,0.571714894
2021_1329_1361,0.46716995
2021_1329_1364,0.746813032
2021_1329_1382,0.566895813
2021_1329_1393,0.601214881
2021_1329_1397,0.478305971
2021_1329_1400,0.485031402
2021_1329_1403,0.492750726
2021_1329_1411,0.908723939
2021_1329_1417,0.603575391
2021_1329_1422,0.764073412
2021_1329_1425,0.473110654
2021_1329_1429,0.60287912
2021_1329_1433,0.642624343
2021_1329_1437,0.452123463
2021_1329_1438,0.453652603
2021_1329_1439,0.628401589
2021_1329_1452,0.5
2021_1329_1455,0.680195886
2021_1329_1457,0.749974191
2021_1329_1458,0.475415297
2021_1331_1332,0.129364273
2021_1331_1333,0.239478739
2021_1331_1345,0.122394784
2021_1331_1353,0.146749346
2021_1331_1361,0.114852677
2021_1331_1364,0.248878652
2021_1331_1382,0.144032724
2021_1331_1393,0.156071666
2021_1331_1397,0.114791795
2021_1331_1400,0.120070468
2021_1331_1403,0.118465324
2021_1331_1411,0.718744153
2021_1331_1417,0.157376845
2021_1331_1422,0.263738845
2021_1331_1425,0.114763264
2021_1331_1429,0.155593173
2021_1331_1433,0.175441637
2021_1331_1437,0.109061627
2021_1331_1438,0.109149705
2021_1331_1439,0.168648288
2021_1331_1452,0.122594109
2021_1331_1455,0.201496691
2021_1331_1457,0.250797122
2021_1331_1458,0.113811728
2021_1332_1333,0.738728905
2021_1332_1345,0.5
2021_1332_1353,0.575194541
2021_1332_1361,0.469884736
2021_1332_1364,0.75101059
2021_1332_1382,0.570386448
2021_1332_1393,0.605030113
2021_1332_1397,0.481218654
2021_1332_1400,0.487861024
2021_1332_1403,0.5
2021_1332_1411,0.913475065
2021_1332_1417,0.607402531
2021_1332_1422,0.768575946
2021_1332_1425,0.475947262
2021_1332_1429,0.60672851
2021_1332_1433,0.646752422
2021_1332_1437,0.454830681
2021_1332_1438,0.45637943
2021_1332_1439,0.632413134
2021_1332_1452,0.5
2021_1332_1455,0.683881801
2021_1332_1457,0.754331956
2021_1332_1458,0.478398876
2021_1333_1345,0.264696005
2021_1333_1353,0.330997653
2021_1333_1361,0.244529728
2021_1333_1364,0.527647975
2021_1333_1382,0.322971701
2021_1333_1393,0.35583022
2021_1333_1397,0.251495762
2021_1333_1400,0.25740279
2021_1333_1403,0.262061677
2021_1333_1411,0.865336848
2021_1333_1417,0.358015164
2021_1333_1422,0.554450292
2021_1333_1425,0.248295739
2021_1333_1429,0.356931688
2021_1333_1433,0.393849053
2021_1333_1437,0.233374564
2021_1333_1438,0.234297387
2021_1333_1439,0.380516631
2021_1333_1452,0.26681268
2021_1333_1455,0.43872825
2021_1333_1457,0.533186097
2021_1333_1458,0.249707417
2021_1345_1353,0.598697461
2021_1345_1361,0.494169613
2021_1345_1364,0.766351169
2021_1345_1382,0.593887543
2021_1345_1393,0.628382326
2021_1345_1397,0.505451716
2021_1345_1400,0.512135743
2021_1345_1403,0.519944627
2021_1345_1411,0.914561666
2021_1345_1417,0.630741834
2021_1345_1422,0.782492389
2021_1345_1425,0.5
2021_1345_1429,0.630079665
2021_1345_1433,0.663917839
2021_1345_1437,0.479045968
2021_1345_1438,0.480601112
2021_1345_1439,0.651212481
2021_1345_1452,0.52538602
2021_1345_1455,0.703183069
2021_1345_1457,0.769281121
2021_1345_1458,0.5
2021_1353_1361,0.411648512
2021_1353_1364,0.706689056
2021_1353_1382,0.511064293
2021_1353_1393,0.546060477
2021_1353_1397,0.422281173
2021_1353_1400,0.428882145
2021_1353_1403,0.436386978
2021_1353_1411,0.905320009
2021_1353_1417,0.548472871
2021_1353_1422,0.726931858
2021_1353_1425,0.417351729
2021_1353_1429,0.54768825
2021_1353_1433,0.587762006
2021_1353_1437,0.397216027
2021_1353_1438,0.39863095
2021_1353_1439,0.573505944
2021_1353_1452,0.441759866
2021_1353_1455,0.633844488
2021_1353_1457,0.710664358
2021_1353_1458,0.419635583
2021_1361_1364,0.7866363
2021_1361_1382,0.625265435
2021_1361_1393,0.654913978
2021_1361_1397,0.537183399
2021_1361_1400,0.543785182
2021_1361_1403,0.551598763
2021_1361_1411,0.918409043
2021_1361_1417,0.657035447
2021_1361_1422,0.801392616
2021_1361_1425,0.531883833
2021_1361_1429,0.656453865
2021_1361_1433,0.6910069
2021_1361_1437,0.510803887
2021_1361_1438,0.512380013
2021_1361_1439,0.678927281
2021_1361_1452,0.556979486
2021_1361_1455,0.72819035
2021_1361_1457,0.789234088
2021_1361_1458,0.534215112
2021_1364_1382,0.312105438
2021_1364_1393,0.344905002
2021_1364_1397,0.242592681
2021_1364_1400,0.248542539
2021_1364_1403,0.252823559
2021_1364_1411,0.865201197
2021_1364_1417,0.347059528
2021_1364_1422,0.542284575
2021_1364_1425,0.239581663
2021_1364_1429,0.345898965
2021_1364_1433,0.382062247
2021_1364_1437,0.225207222
2021_1364_1438,0.226064507
2021_1364_1439,0.369033674
2021_1364_1452,0.257587765
2021_1364_1455,0.426320646
2021_1364_1457,0.520827079
2021_1364_1458,0.240908786
2021_1382_1393,0.554376566
2021_1382_1397,0.430191688
2021_1382_1400,0.436810789
2021_1382_1403,0.444428056
2021_1382_1411,0.908109938
2021_1382_1417,0.556783063
2021_1382_1422,0.733732913
2021_1382_1425,0.4251813
2021_1382_1429,0.556009447
2021_1382_1433,0.596099668
2021_1382_1437,0.404863148
2021_1382_1438,0.406299107
2021_1382_1439,0.581843051
2021_1382_1452,0.449800874
2021_1382_1455,0.642168017
2021_1382_1457,0.717781661
2021_1382_1458,0.427540256
2021_1393_1397,0.391373837
2021_1393_1400,0.397802992
2021_1393_1403,0.404972161
2021_1393_1411,0.903080348
2021_1393_1417,0.51645073
2021_1393_1422,0.703590268
2021_1393_1425,0.386702414
2021_1393_1429,0.515618365
2021_1393_1433,0.556149882
2021_1393_1437,0.367446529
2021_1393_1438,0.368775993
2021_1393_1439,0.541759783
2021_1393_1452,0.410202623
2021_1393_1455,0.602272593
2021_1393_1457,0.686066428
2021_1393_1458,0.388921155
2021_1397_1400,0.525481362
2021_1397_1403,0.533526723
2021_1397_1411,0.919841216
2021_1397_1417,0.645053671
2021_1397_1422,0.792945709
2021_1397_1425,0.513553958
2021_1397_1429,0.64440766
2021_1397_1433,0.676581159
2021_1397_1437,0.492327227
2021_1397_1438,0.493910726
2021_1397_1439,0.66412362
2021_1397_1452,0.538804822
2021_1397_1455,0.714876879
2021_1397_1457,0.78012047
2021_1397_1458,0.516038268
2021_1400_1403,0.532146915
2021_1400_1411,0.914848823
2021_1400_1417,0.642653825
2021_1400_1422,0.789346496
2021_1400_1425,0.512412485
2021_1400_1429,0.641969066
2021_1400_1433,0.674230716
2021_1400_1437,0.491298316
2021_1400_1438,0.492865965
2021_1400_1439,0.661808105
2021_1400_1452,0.537544578
2021_1400_1455,0.712635724
2021_1400_1457,0.776611256
2021_1400_1458,0.514748346
2021_1403_1411,0.919466731
2021_1403_1417,0.63257492
2021_1403_1422,0.785885827
2021_1403_1425,0.5
2021_1403_1429,0.631921509
2021_1403_1433,0.665791027
2021_1403_1437,0.479442912
2021_1403_1438,0.481021503
2021_1403_1439,0.653064517
2021_1403_1452,0.526007553
2021_1403_1455,0.704968094
2021_1403_1457,0.772512213
2021_1403_1458,0.5
2021_1411_1417,0.098267229
2021_1411_1422,0.145794475
2021_1411_1425,0.079698909
2021_1411_1429,0.096576693
2021_1411_1433,0.107489176
2021_1411_1437,0.077034683
2021_1411_1438,0.076893427
2021_1411_1439,0.104089078
2021_1411_1452,0.083885832
2021_1411_1455,0.12245152
2021_1411_1457,0.140831094
2021_1411_1458,0.078179148
2021_1417_1422,0.705460643
2021_1417_1425,0.388681035
2021_1417_1429,0.517773752
2021_1417_1433,0.558321092
2021_1417_1437,0.369333449
2021_1417_1438,0.370677758
2021_1417_1439,0.543935327
2021_1417_1452,0.41221328
2021_1417_1455,0.604439018
2021_1417_1457,0.68797469
2021_1417_1458,0.390958231
2021_1422_1425,0.220606839
2021_1422_1429,0.317706005
2021_1422_1433,0.356297632
2021_1422_1437,0.207165036
2021_1422_1438,0.207951578
2021_1422_1439,0.343944993
2021_1422_1452,0.237224123
2021_1422_1455,0.398543594
2021_1422_1457,0.492357387
2021_1422_1458,0.221840601
2021_1425_1429,0.650835592
2021_1425_1433,0.685905465
2021_1425_1437,0.5
2021_1425_1438,0.505216251
2021_1425_1439,0.67364785
2021_1425_1452,0.550001769
2021_1425_1455,0.723537674
2021_1425_1457,0.786558174
2021_1425_1458,0.527254711
2021_1429_1433,0.563583275
2021_1429_1437,0.373536625
2021_1429_1438,0.374901974
2021_1429_1439,0.549158313
2021_1429_1452,0.416778555
2021_1429_1455,0.60975549
2021_1429_1457,0.693225797
2021_1429_1458,0.395418261
2021_1433_1437,0.33769382
2021_1433_1438,0.338924405
2021_1433_1439,0.506862605
2021_1433_1452,0.378000065
2021_1433_1455,0.567756638
2021_1433_1457,0.656036845
2021_1433_1458,0.357878078
2021_1437_1438,0.527404595
2021_1437_1439,0.692156744
2021_1437_1452,0.571964801
2021_1437_1455,0.740055735
2021_1437_1457,0.799282266
2021_1437_1458,0.549288851
2021_1438_1439,0.689622569
2021_1438_1452,0.56889101
2021_1438_1455,0.737798356
2021_1438_1457,0.797598736
2021_1438_1458,0.54618955
2021_1439_1452,0.386472213
2021_1439_1455,0.576908241
2021_1439_1457,0.66402576
2021_1439_1458,0.366015403
2021_1452_1455,0.702804167
2021_1452_1457,0.769409904
2021_1452_1458,0.5
2021_1455_1457,0.618032283
2021_1455_1458,0.319174346
2021_1457_1458,0.229724873